<?xml version="1.0" encoding="UTF-8"?>
<metadata xml:lang="de"><Esri><CreaDate>20220729</CreaDate><CreaTime>09430700</CreaTime><ArcGISFormat>1.0</ArcGISFormat><SyncOnce>FALSE</SyncOnce><DataProperties><itemProps><itemLocation><linkage Sync="TRUE">file://\\stadt.braunschweig.de\Zentrale_Ablage\Dez_8\FB68\GIS_Projekte\Proj_UisGIS\2022Lärmkartierung\EDVE_LNIGHT_Flaechen_N.shp</linkage><protocol Sync="TRUE">Local Area Network</protocol></itemLocation><itemName Sync="TRUE">EDVE_LNIGHT_Flaechen_N</itemName><imsContentType Sync="TRUE">002</imsContentType><itemSize Sync="TRUE">0.000</itemSize></itemProps><copyHistory><copy source="\\stadt.braunschweig.de\Zentrale_Ablage\Dez_8\FB68\68_3\9_Immissionsschutz\2022_Immissionsschutz\9_3_Lärm\LMP\Lärmkarten\Fluglärm\März 2022\LNIGHT_Shape\EDVE_LNIGHT_Flaechen" dest="\\stadt.braunschweig.de\Zentrale_Ablage\Dez_8\FB68\GIS_Projekte\Proj_UisGIS\2022Lärmkartierung\EDVE_LNIGHT_Flaechen" date="20220729" time="09140900"></copy></copyHistory><lineage><Process ToolSource="c:\program files (x86)\arcgis\desktop10.8\ArcToolbox\Toolboxes\Data Management Tools.tbx\RepairGeometry" Date="20220729" Time="093357">RepairGeometry EDVE_LNIGHT_Flaechen DELETE_NULL</Process><Process ToolSource="c:\program files (x86)\arcgis\desktop10.8\ArcToolbox\Toolboxes\Data Management Tools.tbx\RepairGeometry" Date="20220729" Time="100553">RepairGeometry 55_db_buf_nacht DELETE_NULL</Process><Process ToolSource="c:\program files (x86)\arcgis\desktop10.8\ArcToolbox\Toolboxes\Data Management Tools.tbx\Merge" Date="20220729" Time="100929">Merge 55_db_buf_nacht;5o_db_buf_nacht;45_db_buf_nacht \\stadt.braunschweig.de\Zentrale_Ablage\Dez_8\FB68\GIS_Projekte\Proj_UisGIS\2022Lärmkartierung\EDVE_LNIGHT_Flaechen_N.shp "ET_ID "ET_ID" true true false 8 Long 0 8 ,First,#,55_db_buf_nacht,ET_ID,-1,-1,5o_db_buf_nacht,ET_ID,-1,-1,45_db_buf_nacht,ET_ID,-1,-1;FARBE "FARBE" true true false 11 Double 0 11 ,First,#,55_db_buf_nacht,FARBE,-1,-1,5o_db_buf_nacht,FARBE,-1,-1,45_db_buf_nacht,FARBE,-1,-1;DWG_NAME "DWG_NAME" true true false 254 Text 0 0 ,First,#,55_db_buf_nacht,DWG_NAME,-1,-1,5o_db_buf_nacht,DWG_NAME,-1,-1,45_db_buf_nacht,DWG_NAME,-1,-1;LAYER "LAYER" true true false 254 Text 0 0 ,First,#,55_db_buf_nacht,LAYER,-1,-1,5o_db_buf_nacht,LAYER,-1,-1,45_db_buf_nacht,LAYER,-1,-1;LINIENTYP "LINIENTYP" true true false 254 Text 0 0 ,First,#,55_db_buf_nacht,LINIENTYP,-1,-1,5o_db_buf_nacht,LINIENTYP,-1,-1,45_db_buf_nacht,LINIENTYP,-1,-1;LINIENSTÄ "LINIENSTÄ" true true false 11 Double 0 11 ,First,#,55_db_buf_nacht,LINIENSTÄ,-1,-1,5o_db_buf_nacht,LINIENSTÄ,-1,-1,45_db_buf_nacht,LINIENSTÄ,-1,-1"</Process><Process ToolSource="c:\program files (x86)\arcgis\desktop10.8\ArcToolbox\Toolboxes\Data Management Tools.tbx\RepairGeometry" Date="20220729" Time="101304">RepairGeometry EDVE_LNIGHT_Flaechen_N DELETE_NULL</Process><Process ToolSource="c:\program files (x86)\arcgis\desktop10.8\ArcToolbox\Toolboxes\Data Management Tools.tbx\RepairGeometry" Date="20220729" Time="124744">RepairGeometry AG_DE_NI_2_Air_LNIGHT DELETE_NULL</Process><Process ToolSource="c:\program files (x86)\arcgis\desktop10.8\ArcToolbox\Toolboxes\Data Management Tools.tbx\CalculateField" Date="20220729" Time="125214">CalculateField AG_DE_NI_2_Air_LNIGHT category "Lnight5054" VB #</Process><Process ToolSource="c:\program files (x86)\arcgis\desktop10.8\ArcToolbox\Toolboxes\Data Management Tools.tbx\CalculateField" Date="20220729" Time="125253">CalculateField AG_DE_NI_2_Air_LNIGHT category "Lnight5559" VB #</Process><Process ToolSource="c:\program files (x86)\arcgis\desktop10.8\ArcToolbox\Toolboxes\Data Management Tools.tbx\CalculateField" Date="20220729" Time="125318">CalculateField AG_DE_NI_2_Air_LNIGHT category "Lnight6064" VB #</Process></lineage><coordRef><type Sync="TRUE">Projected</type><geogcsn Sync="TRUE">GCS_ETRS_1989</geogcsn><csUnits Sync="TRUE">Linear Unit: Meter (1.000000)</csUnits><projcsn Sync="TRUE">ETRS_1989_UTM_Zone_32N</projcsn><peXml Sync="TRUE">&lt;ProjectedCoordinateSystem xsi:type='typens:ProjectedCoordinateSystem' xmlns:xsi='http://www.w3.org/2001/XMLSchema-instance' xmlns:xs='http://www.w3.org/2001/XMLSchema' xmlns:typens='http://www.esri.com/schemas/ArcGIS/10.8'&gt;&lt;WKT&gt;PROJCS[&amp;quot;ETRS_1989_UTM_Zone_32N&amp;quot;,GEOGCS[&amp;quot;GCS_ETRS_1989&amp;quot;,DATUM[&amp;quot;D_ETRS_1989&amp;quot;,SPHEROID[&amp;quot;GRS_1980&amp;quot;,6378137.0,298.257222101]],PRIMEM[&amp;quot;Greenwich&amp;quot;,0.0],UNIT[&amp;quot;Degree&amp;quot;,0.0174532925199433]],PROJECTION[&amp;quot;Transverse_Mercator&amp;quot;],PARAMETER[&amp;quot;False_Easting&amp;quot;,500000.0],PARAMETER[&amp;quot;False_Northing&amp;quot;,0.0],PARAMETER[&amp;quot;Central_Meridian&amp;quot;,9.0],PARAMETER[&amp;quot;Scale_Factor&amp;quot;,0.9996],PARAMETER[&amp;quot;Latitude_Of_Origin&amp;quot;,0.0],UNIT[&amp;quot;Meter&amp;quot;,1.0],AUTHORITY[&amp;quot;EPSG&amp;quot;,25832]]&lt;/WKT&gt;&lt;XOrigin&gt;-5120900&lt;/XOrigin&gt;&lt;YOrigin&gt;-9998100&lt;/YOrigin&gt;&lt;XYScale&gt;450445547.3910538&lt;/XYScale&gt;&lt;ZOrigin&gt;-100000&lt;/ZOrigin&gt;&lt;ZScale&gt;10000&lt;/ZScale&gt;&lt;MOrigin&gt;-100000&lt;/MOrigin&gt;&lt;MScale&gt;10000&lt;/MScale&gt;&lt;XYTolerance&gt;0.001&lt;/XYTolerance&gt;&lt;ZTolerance&gt;0.001&lt;/ZTolerance&gt;&lt;MTolerance&gt;0.001&lt;/MTolerance&gt;&lt;HighPrecision&gt;true&lt;/HighPrecision&gt;&lt;WKID&gt;25832&lt;/WKID&gt;&lt;LatestWKID&gt;25832&lt;/LatestWKID&gt;&lt;/ProjectedCoordinateSystem&gt;</peXml></coordRef></DataProperties><SyncDate>20220729</SyncDate><SyncTime>10092600</SyncTime><ModDate>20220729</ModDate><ModTime>10092600</ModTime></Esri><dataIdInfo><envirDesc Sync="TRUE"> Version 6.2 (Build 9200) ; Esri ArcGIS 10.8.1.14362</envirDesc><dataLang><languageCode value="deu" Sync="TRUE"></languageCode><countryCode value="DEU" Sync="TRUE"></countryCode></dataLang><idCitation><resTitle Sync="TRUE">EDVE_LNIGHT_Flaechen_N</resTitle><presForm><PresFormCd value="005" Sync="TRUE"></PresFormCd></presForm></idCitation><spatRpType><SpatRepTypCd value="001" Sync="TRUE"></SpatRepTypCd></spatRpType></dataIdInfo><mdLang><languageCode value="deu" Sync="TRUE"></languageCode><countryCode value="DEU" Sync="TRUE"></countryCode></mdLang><mdChar><CharSetCd value="004" Sync="TRUE"></CharSetCd></mdChar><distInfo><distFormat><formatName Sync="TRUE">Shapefile</formatName></distFormat><distTranOps><transSize Sync="TRUE">0.000</transSize></distTranOps></distInfo><mdHrLv><ScopeCd value="005" Sync="TRUE"></ScopeCd></mdHrLv><mdHrLvName Sync="TRUE">dataset</mdHrLvName><refSysInfo><RefSystem><refSysID><identCode code="25832" Sync="TRUE"></identCode><idCodeSpace Sync="TRUE">EPSG</idCodeSpace><idVersion Sync="TRUE">5.1(4.0.0)</idVersion></refSysID></RefSystem></refSysInfo><spatRepInfo><VectSpatRep><geometObjs Name="EDVE_LNIGHT_Flaechen_N"><geoObjTyp><GeoObjTypCd value="002" Sync="TRUE"></GeoObjTypCd></geoObjTyp><geoObjCnt Sync="TRUE">0</geoObjCnt></geometObjs><topLvl><TopoLevCd value="001" Sync="TRUE"></TopoLevCd></topLvl></VectSpatRep></spatRepInfo><spdoinfo><ptvctinf><esriterm Name="EDVE_LNIGHT_Flaechen_N"><efeatyp Sync="TRUE">Simple</efeatyp><efeageom code="4" Sync="TRUE"></efeageom><esritopo Sync="TRUE">FALSE</esritopo><efeacnt Sync="TRUE">0</efeacnt><spindex Sync="TRUE">FALSE</spindex><linrefer Sync="TRUE">TRUE</linrefer></esriterm></ptvctinf></spdoinfo><eainfo><detailed Name="EDVE_LNIGHT_Flaechen_N"><enttyp><enttypl Sync="TRUE">EDVE_LNIGHT_Flaechen_N</enttypl><enttypt Sync="TRUE">Feature Class</enttypt><enttypc Sync="TRUE">0</enttypc></enttyp><attr><attrlabl Sync="TRUE">FID</attrlabl><attalias Sync="TRUE">FID</attalias><attrtype Sync="TRUE">OID</attrtype><attwidth Sync="TRUE">4</attwidth><atprecis Sync="TRUE">0</atprecis><attscale Sync="TRUE">0</attscale><attrdef Sync="TRUE">Internal feature number.</attrdef><attrdefs Sync="TRUE">Esri</attrdefs><attrdomv><udom Sync="TRUE">Sequential unique whole numbers that are automatically generated.</udom></attrdomv></attr><attr><attrlabl Sync="TRUE">Shape</attrlabl><attalias Sync="TRUE">Shape</attalias><attrtype Sync="TRUE">Geometry</attrtype><attwidth Sync="TRUE">0</attwidth><atprecis Sync="TRUE">0</atprecis><attscale Sync="TRUE">0</attscale><attrdef Sync="TRUE">Feature geometry.</attrdef><attrdefs Sync="TRUE">Esri</attrdefs><attrdomv><udom Sync="TRUE">Coordinates defining the features.</udom></attrdomv></attr><attr><attrlabl Sync="TRUE">ET_ID</attrlabl><attalias Sync="TRUE">ET_ID</attalias><attrtype Sync="TRUE">Integer</attrtype><attwidth Sync="TRUE">8</attwidth><atprecis Sync="TRUE">8</atprecis><attscale Sync="TRUE">0</attscale></attr><attr><attrlabl Sync="TRUE">FARBE</attrlabl><attalias Sync="TRUE">FARBE</attalias><attrtype Sync="TRUE">Double</attrtype><attwidth Sync="TRUE">11</attwidth><atprecis Sync="TRUE">11</atprecis><attscale Sync="TRUE">0</attscale></attr><attr><attrlabl Sync="TRUE">DWG_NAME</attrlabl><attalias Sync="TRUE">DWG_NAME</attalias><attrtype Sync="TRUE">String</attrtype><attwidth Sync="TRUE">254</attwidth><atprecis Sync="TRUE">0</atprecis><attscale Sync="TRUE">0</attscale></attr><attr><attrlabl Sync="TRUE">LAYER</attrlabl><attalias Sync="TRUE">LAYER</attalias><attrtype Sync="TRUE">String</attrtype><attwidth Sync="TRUE">254</attwidth><atprecis Sync="TRUE">0</atprecis><attscale Sync="TRUE">0</attscale></attr><attr><attrlabl Sync="TRUE">LINIENTYP</attrlabl><attalias Sync="TRUE">LINIENTYP</attalias><attrtype Sync="TRUE">String</attrtype><attwidth Sync="TRUE">254</attwidth><atprecis Sync="TRUE">0</atprecis><attscale Sync="TRUE">0</attscale></attr><attr><attrlabl Sync="TRUE">LINIENSTÄ</attrlabl><attalias Sync="TRUE">LINIENSTÄ</attalias><attrtype Sync="TRUE">Double</attrtype><attwidth Sync="TRUE">11</attwidth><atprecis Sync="TRUE">11</atprecis><attscale Sync="TRUE">0</attscale></attr></detailed></eainfo><mdDateSt Sync="TRUE">20220729</mdDateSt></metadata>
