<?xml version="1.0" encoding="UTF-8"?>
<metadata xml:lang="de"><Esri><CreaDate>20220729</CreaDate><CreaTime>08574900</CreaTime><ArcGISFormat>1.0</ArcGISFormat><SyncOnce>TRUE</SyncOnce><DataProperties><lineage><Process ToolSource="c:\program files (x86)\arcgis\desktop10.8\ArcToolbox\Toolboxes\Data Management Tools.tbx\RepairGeometry" Date="20220729" Time="085749">RepairGeometry EDVE_LDEN_Flaechen DELETE_NULL</Process><Process ToolSource="c:\program files (x86)\arcgis\desktop10.8\ArcToolbox\Toolboxes\Data Management Tools.tbx\CalculateField" Date="20220729" Time="124311">CalculateField AG_DE_NI_2_Air_LDEN category "Lden5559" VB #</Process><Process ToolSource="c:\program files (x86)\arcgis\desktop10.8\ArcToolbox\Toolboxes\Data Management Tools.tbx\CalculateField" Date="20220729" Time="124348">CalculateField AG_DE_NI_2_Air_LDEN category "Lden6064" VB #</Process><Process ToolSource="c:\program files (x86)\arcgis\desktop10.8\ArcToolbox\Toolboxes\Data Management Tools.tbx\CalculateField" Date="20220729" Time="124430">CalculateField AG_DE_NI_2_Air_LDEN category "Lden6569" VB #</Process><Process ToolSource="c:\program files (x86)\arcgis\desktop10.8\ArcToolbox\Toolboxes\Data Management Tools.tbx\CalculateField" Date="20220729" Time="124457">CalculateField AG_DE_NI_2_Air_LDEN category "Lden7074" VB #</Process></lineage><itemProps><itemLocation><linkage Sync="TRUE">file://\\stadt.braunschweig.de\Zentrale_Ablage\Dez_8\FB68\GIS_Projekte\Proj_UisGIS\2022Lärmkartierung\EDVE_LDEN_Flaechen</linkage><protocol Sync="TRUE">Local Area Network</protocol></itemLocation></itemProps><copyHistory><copy source="\\stadt.braunschweig.de\Zentrale_Ablage\Dez_8\FB68\68_3\9_Immissionsschutz\2022_Immissionsschutz\9_3_Lärm\LMP\Lärmkarten\Fluglärm\März 2022\LNIGHT_Shape\EDVE_LDEN_Flaechen" dest="\\stadt.braunschweig.de\Zentrale_Ablage\Dez_8\FB68\GIS_Projekte\Proj_UisGIS\2022Lärmkartierung\EDVE_LDEN_Flaechen" date="20220729" time="09140200"></copy></copyHistory></DataProperties></Esri></metadata>
